{"cameraMode":{"drawMode":0,"name":"Shaded","section":"Shading Mode"},"sceneLighting":false,"audioPlay":false,"sceneViewState":{"showFog":true,"showMaterialUpdate":false,"showSkybox":false,"showFlares":true,"showImageEffects":true,"showParticleSystems":true},"in2DMode":false,"pivot":{"x":-0.23708057403564454,"y":0.7807395458221436,"z":-0.23708343505859376},"rotation":{"x":-0.06693343073129654,"y":0.9096382260322571,"z":-0.16159148514270783,"w":-0.37678441405296328},"size":156.1475830078125,"orthographic":false}